{"cameraMode":{"drawMode":0,"name":"Shaded","section":"Shading Mode"},"sceneLighting":false,"audioPlay":false,"sceneViewState":{"showFog":true,"showMaterialUpdate":true,"showSkybox":false,"showFlares":true,"showImageEffects":true,"showParticleSystems":true},"in2DMode":false,"pivot":{"x":0.0,"y":1.1920928955078126e-7,"z":1.4901161193847657e-8},"rotation":{"x":0.01831262931227684,"y":0.9669494032859802,"z":-0.07265748828649521,"w":0.24371056258678437},"size":1.5758836269378663,"orthographic":false}