{"cameraMode":{"drawMode":0,"name":"Shaded","section":"Shading Mode"},"sceneLighting":true,"audioPlay":false,"sceneViewState":{"showFog":true,"showMaterialUpdate":true,"showSkybox":true,"showFlares":true,"showImageEffects":true,"showParticleSystems":true},"in2DMode":false,"pivot":{"x":-0.03807401657104492,"y":0.9902510643005371,"z":4.26482629776001},"rotation":{"x":0.030482284724712373,"y":-0.8929381966590881,"z":0.061170853674411777,"w":0.4449618458747864},"size":7.4781365394592289,"orthographic":false}